[
    {
        "id": "c59c2f6a7bb1c446",
        "type": "tab",
        "label": "Exp 2",
        "disabled": false,
        "info": "",
        "env": []
    },
    {
        "id": "ad554326409d6c81",
        "type": "http in",
        "z": "c59c2f6a7bb1c446",
        "name": "IOT Domain",
        "url": "/IOTDomain",
        "method": "get",
        "upload": false,
        "swaggerDoc": "",
        "x": 130,
        "y": 160,
        "wires": [
            [
                "2e26470ffe5f955b"
            ]
        ]
    },
    {
        "id": "2e26470ffe5f955b",
        "type": "function",
        "z": "c59c2f6a7bb1c446",
        "name": "function 1",
        "func": "msg.url = \"Project\";\nreturn msg;",
        "outputs": 1,
        "timeout": 0,
        "noerr": 0,
        "initialize": "",
        "finalize": "",
        "libs": [],
        "x": 360,
        "y": 140,
        "wires": [
            [
                "c5ee64d37b21bdad"
            ]
        ]
    },
    {
        "id": "c5ee64d37b21bdad",
        "type": "template",
        "z": "c59c2f6a7bb1c446",
        "name": "Display Panel",
        "field": "payload",
        "fieldType": "msg",
        "format": "handlebars",
        "syntax": "mustache",
        "template": "<!DOCTYPE html>\n\n<html>\n    <head>\n            <h1 style=\"background-color:DodgerBlue;\">IoT Domain</h1>\n                </head>\n                    <body>\n                    <p style=\"background-color:Tomato;\">\n                        \n                        <OL>\n                        <LI> Enter your Name. \n                        <LI> Registration Number.\n                        </OL>\n\n                        <h4>\n                            <a href=\"https://projectmark.com/\"> Project Mark</a>\n                                \n                                    </h4>\n\n                                    <form method=\"post\" action=\"/{{url}}\">\n\n                                      <label for=\"name\">First name:</label><br>\n                                        <input type=\"text\" id=\"fname\" name=\"fname\"><br>\n                                          \n                                            <label for=\"reg\">Reg No:</label><br>\n                                              <input type=\"text\" id=\"reg\" name=\"reg\" ><br><br>\n                                                \n                                                  <label for=\"topic\">Project Title:</label><br>\n                                                    <input type=\"text\" id=\"topic\" name=\"Project Topic\" ><br><br>\n                                                      \n                                                        <input type=\"submit\" value=\"Submit\">\n                                                          \n                                                            <input type=\"reset\" value=\"Reset\" >\n\n                                                            </form> \n\n                                                            </body>\n                                                            </html>\n                                                            ",
        "output": "str",
        "x": 560,
        "y": 200,
        "wires": [
            [
                "c53c089ef6c456ef"
            ]
        ]
    },
    {
        "id": "c53c089ef6c456ef",
        "type": "http response",
        "z": "c59c2f6a7bb1c446",
        "name": "Submitted",
        "statusCode": "",
        "headers": {},
        "x": 740,
        "y": 160,
        "wires": []
    },
    {
        "id": "16b69097b3bc933e",
        "type": "http in",
        "z": "c59c2f6a7bb1c446",
        "name": "Posting",
        "url": "/Project",
        "method": "post",
        "upload": false,
        "swaggerDoc": "",
        "x": 150,
        "y": 360,
        "wires": [
            [
                "96dddcfb01dc58ea",
                "96f65075f6a0a9df"
            ]
        ]
    },
    {
        "id": "96dddcfb01dc58ea",
        "type": "json",
        "z": "c59c2f6a7bb1c446",
        "name": "",
        "property": "payload",
        "action": "",
        "pretty": false,
        "x": 370,
        "y": 300,
        "wires": [
            [
                "cdf5e7e885185cfd"
            ]
        ]
    },
    {
        "id": "cdf5e7e885185cfd",
        "type": "function",
        "z": "c59c2f6a7bb1c446",
        "name": "function 2",
        "func": "msg.payload = \"Data submitted and is available in Debug window;\"+msg.payload;\nreturn msg;",
        "outputs": 1,
        "timeout": 0,
        "noerr": 0,
        "initialize": "",
        "finalize": "",
        "libs": [],
        "x": 620,
        "y": 360,
        "wires": [
            [
                "0d74e0acde481c14"
            ]
        ]
    },
    {
        "id": "96f65075f6a0a9df",
        "type": "debug",
        "z": "c59c2f6a7bb1c446",
        "name": "debug 2",
        "active": true,
        "tosidebar": true,
        "console": false,
        "tostatus": false,
        "complete": "payload",
        "targetType": "msg",
        "statusVal": "",
        "statusType": "auto",
        "x": 380,
        "y": 500,
        "wires": []
    },
    {
        "id": "0d74e0acde481c14",
        "type": "http response",
        "z": "c59c2f6a7bb1c446",
        "name": "Submitted",
        "statusCode": "",
        "headers": {},
        "x": 840,
        "y": 360,
        "wires": []
    }
]