[
    {
        "id": "a128a3ab8be28784",
        "type": "tab",
        "label": "Flow 1",
        "disabled": false,
        "info": "",
        "env": []
    },
    {
        "id": "146f437d4d5f6597",
        "type": "ui_slider",
        "z": "a128a3ab8be28784",
        "name": "",
        "label": "slider",
        "tooltip": "",
        "group": "2d6f82b7fa05fa21",
        "order": 0,
        "width": 0,
        "height": 0,
        "passthru": true,
        "outs": "all",
        "topic": "topic",
        "topicType": "msg",
        "min": 0,
        "max": "200",
        "step": 1,
        "className": "",
        "x": 150,
        "y": 240,
        "wires": [
            [
                "ce452ea5a18a55cc",
                "bc15fc26e083cfd6",
                "476556d2f1145717"
            ]
        ]
    },
    {
        "id": "ce452ea5a18a55cc",
        "type": "ui_gauge",
        "z": "a128a3ab8be28784",
        "name": "",
        "group": "2d6f82b7fa05fa21",
        "order": 1,
        "width": 0,
        "height": 0,
        "gtype": "gage",
        "title": "gauge",
        "label": "units",
        "format": "{{value}}",
        "min": 0,
        "max": "200",
        "colors": [
            "#00b500",
            "#e6e600",
            "#ca3838"
        ],
        "seg1": "",
        "seg2": "",
        "diff": false,
        "className": "",
        "x": 390,
        "y": 160,
        "wires": []
    },
    {
        "id": "bc15fc26e083cfd6",
        "type": "debug",
        "z": "a128a3ab8be28784",
        "name": "debug 1",
        "active": true,
        "tosidebar": true,
        "console": false,
        "tostatus": false,
        "complete": "false",
        "statusVal": "",
        "statusType": "auto",
        "x": 400,
        "y": 260,
        "wires": []
    },
    {
        "id": "476556d2f1145717",
        "type": "mqtt out",
        "z": "a128a3ab8be28784",
        "name": "",
        "topic": "Light intensity 1285",
        "qos": "2",
        "retain": "",
        "respTopic": "",
        "contentType": "",
        "userProps": "",
        "correl": "",
        "expiry": "",
        "broker": "14b936b54eb7c3f7",
        "x": 470,
        "y": 360,
        "wires": []
    },
    {
        "id": "2d6f82b7fa05fa21",
        "type": "ui_group",
        "name": "Light Intensity",
        "tab": "2d870883210da756",
        "order": 1,
        "disp": true,
        "width": "6",
        "collapse": false,
        "className": ""
    },
    {
        "id": "14b936b54eb7c3f7",
        "type": "mqtt-broker",
        "name": "Hivemq",
        "broker": "mqtt-dashboard.com",
        "port": "1883",
        "clientid": "",
        "autoConnect": true,
        "usetls": false,
        "protocolVersion": "4",
        "keepalive": "60",
        "cleansession": true,
        "autoUnsubscribe": true,
        "birthTopic": "",
        "birthQos": "0",
        "birthRetain": "false",
        "birthPayload": "",
        "birthMsg": {},
        "closeTopic": "",
        "closeQos": "0",
        "closeRetain": "false",
        "closePayload": "",
        "closeMsg": {},
        "willTopic": "",
        "willQos": "0",
        "willRetain": "false",
        "willPayload": "",
        "willMsg": {},
        "userProps": "",
        "sessionExpiry": ""
    },
    {
        "id": "2d870883210da756",
        "type": "ui_tab",
        "name": "Home",
        "icon": "dashboard",
        "disabled": false,
        "hidden": false
    }
]